Sub-location,URL
Surabaya Kota,https://www.olx.co.id/surabaya-kota_g4000216/dijual-rumah-apartemen_c5158
Malang Kota,https://www.olx.co.id/malang-kota_g4000212/dijual-rumah-apartemen_c5158
Sidoarjo  Kab.,https://www.olx.co.id/sidoarjo-kab_g4000202/dijual-rumah-apartemen_c5158
Malang Kab.,https://www.olx.co.id/malang-kab_g4000192/dijual-rumah-apartemen_c5158
Batu Kota,https://www.olx.co.id/batu-kota_g4000208/dijual-rumah-apartemen_c5158
Gresik Kab.,https://www.olx.co.id/gresik-kab_g4000184/dijual-rumah-apartemen_c5158
Gresik Kab.,https://www.olx.co.id/gresik-kab_g4000184/dijual-rumah-apartemen_c5158
Banyuwangi  Kab.,https://www.olx.co.id/banyuwangi-kab_g4000180/dijual-rumah-apartemen_c5158
Jember Kab.,https://www.olx.co.id/jember-kab_g4000185/dijual-rumah-apartemen_c5158
Pasuruan Kab.,https://www.olx.co.id/pasuruan-kab_g4000198/dijual-rumah-apartemen_c5158
Mojokerto Kab.,https://www.olx.co.id/mojokerto-kab_g4000193/dijual-rumah-apartemen_c5158
Kediri Kota,https://www.olx.co.id/kediri-kota_g4000210/dijual-rumah-apartemen_c5158
Jombang  Kab.,https://www.olx.co.id/jombang-kab_g4000186/dijual-rumah-apartemen_c5158
Madiun Kota,https://www.olx.co.id/madiun-kota_g4000211/dijual-rumah-apartemen_c5158
Kediri  Kab.,https://www.olx.co.id/kediri-kab_g4000187/dijual-rumah-apartemen_c5158
Mojokerto Kota,https://www.olx.co.id/mojokerto-kota_g4000213/dijual-rumah-apartemen_c5158
Tuban Kab.,https://www.olx.co.id/tuban-kab_g4000206/dijual-rumah-apartemen_c5158
Blitar Kab.,https://www.olx.co.id/blitar-kab_g4000181/dijual-rumah-apartemen_c5158
Madiun Kab.,https://www.olx.co.id/madiun-kab_g4000190/dijual-rumah-apartemen_c5158
Ponorogo Kab.,https://www.olx.co.id/ponorogo-kab_g4000199/dijual-rumah-apartemen_c5158
Probolinggo Kota,https://www.olx.co.id/probolinggo-kota_g4000215/dijual-rumah-apartemen_c5158
